order_id,score
KO2610504,0.13862
KO2610505,0.08958
KO2610506,0.12527
KO2610507,0.0223
KO2610508,0.02253
KO2610509,0.03073
KO2610510,0.08835
KO2610511,0.20287
KO2610512,0.04321
KO2610513,0.46665
KO2610514,0.15978
KO2610515,0.03461
KO2610516,0.02619
KO2610517,0.18432
KO2610518,0.06545
KO2610519,0.07967
KO2610520,0.0647
KO2610521,0.14787
KO2610522,0.07122
KO2610523,0.06905
KO2610524,0.11337
KO2610525,0.19827
KO2610526,0.29788
KO2610527,0.0169
KO2610528,0.04182
KO2610529,0.07121
KO2610530,0.11554
KO2610531,0.02374
KO2610532,0.03604
KO2610533,0.03538
KO2610534,0.03015
KO2610535,0.01643
KO2610536,0.05336
KO2610537,0.05305
KO2610538,0.07401
KO2610539,0.28004
KO2610540,0.28868
KO2610541,0.1477
KO2610542,0.05055
KO2610543,0.18199
KO2610544,0.15426
KO2610545,0.14106
KO2610546,0.05542
KO2610547,0.05901
KO2610548,0.02383
KO2610549,0.20293
KO2610550,0.09436
KO2610551,0.07543
KO2610552,0.15825
KO2610553,0.02849
KO2610554,0.11064
KO2610555,0.21194
KO2610556,0.09603
KO2610557,0.33055
KO2610558,0.08934
KO2610559,0.04122
KO2610560,0.00889
KO2610561,0.09267
KO2610562,0.05062
KO2610563,0.02018
KO2610564,0.07655
KO2610565,0.14511
KO2610566,0.02871
KO2610567,0.06259
KO2610568,0.03242
KO2610569,0.18873
KO2610570,0.02442
KO2610571,0.04682
KO2610572,0.02497
KO2610573,0.26624
KO2610574,0.16587
KO2610575,0.20058
KO2610576,0.02911
KO2610577,0.13582
KO2610578,0.11406
KO2610579,0.03483
KO2610580,0.69994
KO2610581,0.16194
KO2610582,0.18744
KO2610583,0.09234
KO2610584,0.05868
KO2610585,0.08422
KO2610586,0.04057
KO2610587,0.11393
KO2610588,0.11825
KO2610589,0.03428
KO2610590,0.03654
KO2610591,0.02925
KO2610592,0.05972
KO2610593,0.18467
KO2610594,0.09607
KO2610595,0.03325
KO2610596,0.24014
KO2610597,0.01676
KO2610598,0.35209
KO2610599,0.06282
KO2610600,0.07316
KO2610601,0.03858
KO2610602,0.06665
KO2610603,0.12211
KO2610604,0.04654
KO2610605,0.0293
KO2610606,0.07263
KO2610607,0.07927
KO2610608,0.02828
KO2610609,0.02578
KO2610610,0.12674
KO2610611,0.10762
KO2610612,0.23981
KO2610613,0.03927
KO2610614,0.08965
KO2610615,0.04415
KO2610616,0.1529
KO2610617,0.09979
KO2610618,0.04848
KO2610619,0.023
KO2610620,0.14411
KO2610621,0.4319
KO2610622,0.08925
KO2610623,0.1136
KO2610624,0.04473
KO2610625,0.238
KO2610626,0.13342
KO2610627,0.26821
KO2610628,0.29035
KO2610629,0.04202
KO2610630,0.06266
KO2610631,0.1084
KO2610632,0.35422
KO2610633,0.08817
KO2610634,0.27725
KO2610635,0.12686
KO2610636,0.01735
KO2610637,0.10046
KO2610638,0.03971
KO2610639,0.011
KO2610640,0.06153
KO2610641,0.02807
KO2610642,0.09988
KO2610643,0.02439
KO2610644,0.078
KO2610645,0.02234
KO2610646,0.03342
KO2610647,0.15874
KO2610648,0.06298
KO2610649,0.38604
KO2610650,0.22477
KO2610651,0.03734
KO2610652,0.08671
KO2610653,0.04379
KO2610654,0.11817
KO2610655,0.01215
KO2610656,0.10202
KO2610657,0.02094
KO2610658,0.18799
KO2610659,0.11693
KO2610660,0.01735
KO2610661,0.07573
KO2610662,0.0436
KO2610663,0.03361
KO2610664,0.50148
KO2610665,0.1971
KO2610666,0.44135
KO2610667,0.15065
KO2610668,0.07681
KO2610669,0.08421
KO2610670,0.08908
KO2610671,0.05086
KO2610672,0.0312
KO2610673,0.07828
KO2610674,0.06696
KO2610675,0.03708
KO2610676,0.10551
KO2610677,0.04289
KO2610678,0.00976
KO2610679,0.2879
KO2610680,0.02339
KO2610681,0.03252
KO2610682,0.10323
KO2610683,0.04667
KO2610684,0.03308
KO2610685,0.12445
KO2610686,0.33239
KO2610687,0.05692
KO2610688,0.10913
KO2610689,0.13087
KO2610690,0.03557
KO2610691,0.08198
KO2610692,0.09956
KO2610693,0.03941
KO2610694,0.07273
KO2610695,0.5372
KO2610696,0.11534
KO2610697,0.12617
KO2610698,0.07498
KO2610699,0.01917
KO2610700,0.06659
KO2610701,0.05024
KO2610702,0.06644
KO2610703,0.17337
KO2610704,0.02504
KO2610705,0.71371
KO2610706,0.2054
KO2610707,0.06537
KO2610708,0.05841
KO2610709,0.07268
KO2610710,0.21296
KO2610711,0.11464
KO2610712,0.38041
KO2610713,0.15492
KO2610714,0.14009
KO2610715,0.0309
KO2610716,0.0582
KO2610717,0.01416
KO2610718,0.08176
KO2610719,0.02168
KO2610720,0.08702
KO2610721,0.07498
KO2610722,0.03525
KO2610723,0.26113
KO2610724,0.02381
KO2610725,0.01722
KO2610726,0.09264
KO2610727,0.07972
KO2610728,0.10797
KO2610729,0.07945
KO2610730,0.06271
KO2610731,0.12791
KO2610732,0.02827
KO2610733,0.06691
KO2610734,0.16436
KO2610735,0.07532
KO2610736,0.05473
KO2610737,0.07686
KO2610738,0.03801
KO2610739,0.07243
KO2610740,0.08475
KO2610741,0.0491
KO2610742,0.08559
KO2610743,0.09517
KO2610744,0.08329
KO2610745,0.09072
KO2610746,0.20393
KO2610747,0.03851
KO2610748,0.17936
KO2610749,0.03007
KO2610750,0.055
KO2610751,0.03247
KO2610752,0.0246
KO2610753,0.12537
KO2610754,0.14215
KO2610755,0.26426
KO2610756,0.03251
KO2610757,0.15985
KO2610758,0.09209
KO2610759,0.09221
KO2610760,0.05606
KO2610761,0.10073
KO2610762,0.07268
KO2610763,0.07641
KO2610764,0.02097
KO2610765,0.14602
KO2610766,0.06726
KO2610767,0.03971
KO2610768,0.01925
KO2610769,0.03981
KO2610770,0.04696
KO2610771,0.04464
KO2610772,0.61092
KO2610773,0.01813
KO2610774,0.08786
KO2610775,0.23521
KO2610776,0.02696
KO2610777,0.482
KO2610778,0.09813
KO2610779,0.04152
KO2610780,0.02177
KO2610781,0.05235
KO2610782,0.14835
KO2610783,0.13965
KO2610784,0.01912
KO2610785,0.17909
KO2610786,0.03498
KO2610787,0.02661
KO2610788,0.01961
KO2610789,0.2344
KO2610790,0.40185
KO2610791,0.14663
KO2610792,0.03571
KO2610793,0.11697
KO2610794,0.03189
KO2610795,0.31748
KO2610796,0.043
KO2610797,0.07373
KO2610798,0.0318
KO2610799,0.04717
KO2610800,0.19839
KO2610801,0.10387
KO2610802,0.04245
KO2610803,0.09504
KO2610804,0.0675
KO2610805,0.06625
KO2610806,0.07275
KO2610807,0.04245
KO2610808,0.05156
KO2610809,0.03332
KO2610810,0.21669
KO2610811,0.06711
KO2610812,0.31338
KO2610813,0.01949
KO2610814,0.73867
KO2610815,0.05852
KO2610816,0.01864
KO2610817,0.14122
KO2610818,0.28974
KO2610819,0.05096
KO2610820,0.09301
KO2610821,0.2012
KO2610822,0.02848
KO2610823,0.03304
KO2610824,0.01856
KO2610825,0.02577
KO2610826,0.04452
KO2610827,0.05244
KO2610828,0.09006
KO2610829,0.15072
KO2610830,0.11099
KO2610831,0.04889
KO2610832,0.02077
KO2610833,0.03906
KO2610834,0.08403
KO2610835,0.07704
KO2610836,0.0236
KO2610837,0.03197
KO2610838,0.11095
KO2610839,0.02179
KO2610840,0.04434
KO2610841,0.26834
KO2610842,0.12737
KO2610843,0.13059
KO2610844,0.03733
KO2610845,0.09641
KO2610846,0.14488
KO2610847,0.03877
KO2610848,0.02159
KO2610849,0.05693
KO2610850,0.01625
KO2610851,0.02714
KO2610852,0.05659
KO2610853,0.11452
KO2610854,0.31984
KO2610855,0.05945
KO2610856,0.04739
KO2610857,0.06271
KO2610858,0.5168
KO2610859,0.0503
KO2610860,0.52577
KO2610861,0.08528
KO2610862,0.03144
KO2610863,0.07322
KO2610864,0.04804
KO2610865,0.00928
KO2610866,0.07832
KO2610867,0.05328
KO2610868,0.23474
KO2610869,0.02232
KO2610870,0.02261
KO2610871,0.01496
KO2610872,0.03468
KO2610873,0.20407
KO2610874,0.1926
KO2610875,0.02214
KO2610876,0.20217
KO2610877,0.42528
KO2610878,0.0437
KO2610879,0.05508
KO2610880,0.0298
KO2610881,0.00965
KO2610882,0.07565
KO2610883,0.0318
KO2610884,0.01969
KO2610885,0.10574
KO2610886,0.08029
KO2610887,0.04223
KO2610888,0.05727
KO2610889,0.05835
KO2610890,0.15732
KO2610891,0.06936
KO2610892,0.18802
KO2610893,0.03588
KO2610894,0.13466
KO2610895,0.30625
KO2610896,0.315
KO2610897,0.06668
KO2610898,0.03816
KO2610899,0.25712
KO2610900,0.07286
KO2610901,0.03327
KO2610902,0.09916
KO2610903,0.02603
KO2610904,0.10686
KO2610905,0.09309
KO2610906,0.01009
KO2610907,0.2382
KO2610908,0.04574
KO2610909,0.159
KO2610910,0.13386
KO2610911,0.11557
KO2610912,0.0829
KO2610913,0.02025
KO2610914,0.02336
KO2610915,0.03471
KO2610916,0.00982
KO2610917,0.03327
KO2610918,0.08555
KO2610919,0.14675
KO2610920,0.02313
KO2610921,0.12272
KO2610922,0.01578
KO2610923,0.09742
KO2610924,0.03919
KO2610925,0.01499
KO2610926,0.25803
KO2610927,0.12109
KO2610928,0.05209
KO2610929,0.01083
KO2610930,0.00954
KO2610931,0.23485
KO2610932,0.02071
KO2610933,0.04478
KO2610934,0.01455
KO2610935,0.01821
KO2610936,0.02095
KO2610937,0.10939
KO2610938,0.01173
KO2610939,0.10748
KO2610940,0.31786
KO2610941,0.06907
KO2610942,0.02678
KO2610943,0.28366
KO2610944,0.45185
KO2610945,0.03894
KO2610946,0.03708
KO2610947,0.01449
KO2610948,0.11252
KO2610949,0.13562
KO2610950,0.01198
KO2610951,0.01493
KO2610952,0.13709
KO2610953,0.01723
KO2610954,0.15263
KO2610955,0.02464
KO2610956,0.15685
KO2610957,0.01459
KO2610958,0.05896
KO2610959,0.14863
KO2610960,0.14534
KO2610961,0.01643
KO2610962,0.06105
KO2610963,0.03525
KO2610964,0.07583
KO2610965,0.04703
KO2610966,0.0836
KO2610967,0.03799
KO2610968,0.17185
KO2610969,0.19241
KO2610970,0.49647
KO2610971,0.02165
KO2610972,0.04476
KO2610973,0.05613
KO2610974,0.02284
KO2610975,0.08651
KO2610976,0.05637
KO2610977,0.06858
KO2610978,0.43673
KO2610979,0.04698
KO2610980,0.01605
KO2610981,0.08547
KO2610982,0.0284
KO2610983,0.15721
KO2610984,0.01612
KO2610985,0.0313
KO2610986,0.02407
KO2610987,0.06157
KO2610988,0.0233
KO2610989,0.03261
KO2610990,0.11568
KO2610991,0.03552
KO2610992,0.02659
KO2610993,0.01664
KO2610994,0.15182
KO2610995,0.04956
KO2610996,0.03436
KO2610997,0.10756
KO2610998,0.21716
KO2610999,0.02532
KO2611000,0.06413
KO2611001,0.01761
KO2611002,0.01968
KO2611003,0.19518
KO2611004,0.06153
KO2611005,0.05037
KO2611006,0.05097
KO2611007,0.01216
KO2611008,0.32999
KO2611009,0.06803
KO2611010,0.03953
KO2611011,0.03376
KO2611012,0.06231
KO2611013,0.1798
KO2611014,0.08405
KO2611015,0.05222
KO2611016,0.09625
KO2611017,0.02042
KO2611018,0.59399
KO2611019,0.17019
KO2611020,0.06367
KO2611021,0.0761
KO2611022,0.04538
KO2611023,0.06381
KO2611024,0.25136
KO2611025,0.08858
KO2611026,0.09327
KO2611027,0.01497
KO2611028,0.05093
KO2611029,0.07266
KO2611030,0.22877
KO2611031,0.01288
KO2611032,0.02556
KO2611033,0.27879
KO2611034,0.03781
KO2611035,0.05113
KO2611036,0.169
KO2611037,0.10116
KO2611038,0.10762
KO2611039,0.03124
KO2611040,0.08507
KO2611041,0.16067
KO2611042,0.06716
KO2611043,0.10285
KO2611044,0.03207
KO2611045,0.04582
KO2611046,0.24429
KO2611047,0.03628
KO2611048,0.06586
KO2611049,0.02352
KO2611050,0.03357
KO2611051,0.10406
KO2611052,0.06745
KO2611053,0.26539
KO2611054,0.1236
KO2611055,0.02643
KO2611056,0.09235
KO2611057,0.04275
KO2611058,0.14129
KO2611059,0.16121
KO2611060,0.02164
KO2611061,0.02925
KO2611062,0.02216
KO2611063,0.06761
KO2611064,0.03452
KO2611065,0.03987
KO2611066,0.1645
KO2611067,0.11561
KO2611068,0.34351
KO2611069,0.04499
KO2611070,0.23335
KO2611071,0.77772
KO2611072,0.5819
KO2611073,0.03952
KO2611074,0.03312
KO2611075,0.76974
KO2611076,0.04614
KO2611077,0.06271
KO2611078,0.13974
KO2611079,0.07626
KO2611080,0.0101
KO2611081,0.07435
KO2611082,0.04837
KO2611083,0.12208
KO2611084,0.11587
KO2611085,0.13094
KO2611086,0.09932
KO2611087,0.19377
KO2611088,0.04692
KO2611089,0.09588
KO2611090,0.03355
KO2611091,0.04375
KO2611092,0.04515
KO2611093,0.08315
KO2611094,0.09274
KO2611095,0.01729
KO2611096,0.07316
KO2611097,0.01336
KO2611098,0.01305
KO2611099,0.06886
KO2611100,0.03105
KO2611101,0.05586
KO2611102,0.04607
KO2611103,0.02166
KO2611104,0.01356
KO2611105,0.01913
KO2611106,0.30608
KO2611107,0.01807
KO2611108,0.15125
KO2611109,0.07618
KO2611110,0.07793
KO2611111,0.32311
KO2611112,0.01237
KO2611113,0.04063
KO2611114,0.02155
KO2611115,0.02993
KO2611116,0.18083
KO2611117,0.07648
KO2611118,0.07444
KO2611119,0.09613
KO2611120,0.03211
KO2611121,0.06651
KO2611122,0.15895
KO2611123,0.02327
KO2611124,0.07232
KO2611125,0.06021
KO2611126,0.23044
KO2611127,0.1169
KO2611128,0.01462
KO2611129,0.02147
KO2611130,0.04995
KO2611131,0.06024
KO2611132,0.05169
KO2611133,0.10311
KO2611134,0.06475
KO2611135,0.02476
KO2611136,0.06191
KO2611137,0.01946
KO2611138,0.0149
KO2611139,0.15544
KO2611140,0.12352
KO2611141,0.13727
KO2611142,0.02355
KO2611143,0.36685
KO2611144,0.13477
KO2611145,0.06791
KO2611146,0.03182
KO2611147,0.07895
KO2611148,0.07091
KO2611149,0.03217
KO2611150,0.3072
KO2611151,0.3764
KO2611152,0.06389
KO2611153,0.09562
KO2611154,0.03704
KO2611155,0.03638
KO2611156,0.0844
KO2611157,0.02919
KO2611158,0.01797
KO2611159,0.07679
KO2611160,0.03644
KO2611161,0.04616
KO2611162,0.11648
KO2611163,0.07206
KO2611164,0.23781
KO2611165,0.02627
KO2611166,0.03285
KO2611167,0.01355
KO2611168,0.54674
KO2611169,0.1281
KO2611170,0.16023
KO2611171,0.01784
KO2611172,0.07999
KO2611173,0.01789
KO2611174,0.07179
KO2611175,0.22451
KO2611176,0.16632
KO2611177,0.03695
KO2611178,0.09861
KO2611179,0.03194
KO2611180,0.07976
KO2611181,0.06455
KO2611182,0.07272
KO2611183,0.01776
KO2611184,0.24728
KO2611185,0.13707
KO2611186,0.18064
KO2611187,0.53428
KO2611188,0.06343
KO2611189,0.03199
KO2611190,0.01033
KO2611191,0.02987
KO2611192,0.02821
KO2611193,0.14161
KO2611194,0.01592
KO2611195,0.0204
KO2611196,0.02874
KO2611197,0.07577
KO2611198,0.10833
KO2611199,0.38744
KO2611200,0.1587
KO2611201,0.15203
KO2611202,0.37919
KO2611203,0.07916
KO2611204,0.24365
KO2611205,0.06689
KO2611206,0.05734
KO2611207,0.12743
KO2611208,0.07758
KO2611209,0.06882
KO2611210,0.57188
KO2611211,0.08714
KO2611212,0.11388
KO2611213,0.52341
KO2611214,0.04698
KO2611215,0.01888
KO2611216,0.08556
KO2611217,0.32655
KO2611218,0.04575
KO2611219,0.02144
KO2611220,0.07388
KO2611221,0.01726
KO2611222,0.07671
KO2611223,0.88316
KO2611224,0.07108
KO2611225,0.23457
KO2611226,0.00765
KO2611227,0.02879
KO2611228,0.0481
KO2611229,0.05354
KO2611230,0.01382
KO2611231,0.04135
KO2611232,0.05842
KO2611233,0.06458
KO2611234,0.14317
KO2611235,0.06448
KO2611236,0.19392
KO2611237,0.02125
KO2611238,0.04784
KO2611239,0.10453
KO2611240,0.10327
KO2611241,0.02949
KO2611242,0.08494
KO2611243,0.13144
KO2611244,0.03997
KO2611245,0.03579
KO2611246,0.08137
KO2611247,0.1999
KO2611248,0.28739
KO2611249,0.02847
KO2611250,0.07766
KO2611251,0.24732
KO2611252,0.03451
KO2611253,0.14861
KO2611254,0.02673
KO2611255,0.04153
KO2611256,0.02288
KO2611257,0.10309
KO2611258,0.0708
KO2611259,0.10548
KO2611260,0.03624
KO2611261,0.0996
KO2611262,0.16222
KO2611263,0.08231
KO2611264,0.04881
KO2611265,0.20771
KO2611266,0.12745
KO2611267,0.09599
KO2611268,0.04232
KO2611269,0.07653
KO2611270,0.0859
KO2611271,0.01402
KO2611272,0.07093
KO2611273,0.03491
KO2611274,0.28053
KO2611275,0.01334
KO2611276,0.12569
KO2611277,0.34676
KO2611278,0.01846
KO2611279,0.05526
KO2611280,0.11372
KO2611281,0.08211
KO2611282,0.08899
KO2611283,0.13381
KO2611284,0.07297
KO2611285,0.13061
KO2611286,0.15243
KO2611287,0.08538
KO2611288,0.04481
KO2611289,0.08023
KO2611290,0.01819
KO2611291,0.02409
KO2611292,0.2781
KO2611293,0.13257
KO2611294,0.05418
KO2611295,0.23041
KO2611296,0.01805
KO2611297,0.15254
KO2611298,0.09785
KO2611299,0.03591
KO2611300,0.18481
KO2611301,0.02301
KO2611302,0.05186
KO2611303,0.04881
KO2611304,0.05319
KO2611305,0.02519
KO2611306,0.07296
KO2611307,0.2835
KO2611308,0.03641
KO2611309,0.14239
KO2611310,0.01907
KO2611311,0.08797
KO2611312,0.04258
KO2611313,0.02899
KO2611314,0.03146
KO2611315,0.14929
KO2611316,0.06678
KO2611317,0.11803
KO2611318,0.08253
KO2611319,0.09705
KO2611320,0.14068
KO2611321,0.0919
KO2611322,0.19107
KO2611323,0.03158
KO2611324,0.54184
KO2611325,0.03311
KO2611326,0.03571
KO2611327,0.15285
KO2611328,0.02091
KO2611329,0.25343
KO2611330,0.01154
KO2611331,0.11168
KO2611332,0.03363
KO2611333,0.27006
KO2611334,0.05038
KO2611335,0.0393
KO2611336,0.08579
KO2611337,0.01482
KO2611338,0.01985
KO2611339,0.06462
KO2611340,0.22612
KO2611341,0.06677
KO2611342,0.10851
KO2611343,0.04064
KO2611344,0.22757
KO2611345,0.02939
KO2611346,0.30382
KO2611347,0.01574
KO2611348,0.48935
KO2611349,0.27032
KO2611350,0.04552
KO2611351,0.05354
KO2611352,0.11653
KO2611353,0.02691
KO2611354,0.06599
KO2611355,0.04872
KO2611356,0.10516
KO2611357,0.16198
KO2611358,0.02332
KO2611359,0.04221
KO2611360,0.07279
KO2611361,0.1143
KO2611362,0.18867
KO2611363,0.05595
KO2611364,0.05648
KO2611365,0.10951
KO2611366,0.05767
KO2611367,0.1617
KO2611368,0.03479
KO2611369,0.00988
KO2611370,0.02487
KO2611371,0.02921
KO2611372,0.44257
KO2611373,0.02488
KO2611374,0.02696
KO2611375,0.11156
KO2611376,0.07801
KO2611377,0.04795
KO2611378,0.11044
KO2611379,0.09928
KO2611380,0.03687
KO2611381,0.04298
KO2611382,0.07362
KO2611383,0.02502
KO2611384,0.05924
KO2611385,0.03653
KO2611386,0.11618
KO2611387,0.11818
KO2611388,0.06425
KO2611389,0.16308
KO2611390,0.0294
KO2611391,0.03425
KO2611392,0.03595
KO2611393,0.06279
KO2611394,0.10848
KO2611395,0.04244
KO2611396,0.14975
KO2611397,0.04407
KO2611398,0.33308
KO2611399,0.29414
KO2611400,0.04116
KO2611401,0.07691
KO2611402,0.45221
KO2611403,0.0878
KO2611404,0.02764
KO2611405,0.01079
KO2611406,0.05649
KO2611407,0.02393
KO2611408,0.03187
KO2611409,0.03221
KO2611410,0.04058
KO2611411,0.03776
KO2611412,0.16905
KO2611413,0.0412
KO2611414,0.11719
KO2611415,0.08395
KO2611416,0.05256
KO2611417,0.03544
KO2611418,0.11315
KO2611419,0.05572
KO2611420,0.07687
KO2611421,0.04581
KO2611422,0.01342
KO2611423,0.0317
KO2611424,0.01414
KO2611425,0.07448
KO2611426,0.05571
KO2611427,0.07138
KO2611428,0.06657
KO2611429,0.02907
KO2611430,0.01089
KO2611431,0.10894
KO2611432,0.04807
KO2611433,0.46929
KO2611434,0.06627
KO2611435,0.11237
KO2611436,0.01836
KO2611437,0.02445
KO2611438,0.01781
KO2611439,0.28169
KO2611440,0.05971
KO2611441,0.03861
KO2611442,0.08399
KO2611443,0.02202
KO2611444,0.04814
KO2611445,0.06245
KO2611446,0.02455
KO2611447,0.12128
KO2611448,0.07407
KO2611449,0.01192
KO2611450,0.04464
KO2611451,0.12141
KO2611452,0.13115
KO2611453,0.35822
KO2611454,0.03517
KO2611455,0.10844
KO2611456,0.04997
KO2611457,0.02332
KO2611458,0.02529
KO2611459,0.05125
KO2611460,0.12631
KO2611461,0.05936
KO2611462,0.07567
KO2611463,0.01686
KO2611464,0.04554
KO2611465,0.02993
KO2611466,0.05956
KO2611467,0.1547
KO2611468,0.04913
KO2611469,0.05269
KO2611470,0.09717
KO2611471,0.35403
KO2611472,0.22756
KO2611473,0.11392
KO2611474,0.04324
KO2611475,0.02792
KO2611476,0.03345
KO2611477,0.02102
KO2611478,0.06603
KO2611479,0.02291
KO2611480,0.07038
KO2611481,0.05084
KO2611482,0.05949
KO2611483,0.02189
KO2611484,0.02039
KO2611485,0.05387
KO2611486,0.14817
KO2611487,0.07406
KO2611488,0.10309
KO2611489,0.07051
KO2611490,0.12203
KO2611491,0.1523
KO2611492,0.07431
KO2611493,0.03613
KO2611494,0.56528
KO2611495,0.04319
KO2611496,0.03646
KO2611497,0.11007
KO2611498,0.09922
KO2611499,0.14432
KO2611500,0.0611
KO2611501,0.04273
KO2611502,0.02941
KO2611503,0.14331
KO2611504,0.05599
KO2611505,0.15646
KO2611506,0.01363
KO2611507,0.16616
KO2611508,0.02903
KO2611509,0.12655
KO2611510,0.05144
KO2611511,0.22244
KO2611512,0.07851
KO2611513,0.10998
KO2611514,0.0588
KO2611515,0.03355
KO2611516,0.01293
KO2611517,0.03458
KO2611518,0.03288
KO2611519,0.04734
KO2611520,0.16707
KO2611521,0.02483
KO2611522,0.04017
KO2611523,0.12276
KO2611524,0.10815
KO2611525,0.04142
KO2611526,0.05998
KO2611527,0.02322
KO2611528,0.13627
KO2611529,0.02238
KO2611530,0.065
KO2611531,0.08914
KO2611532,0.02965
KO2611533,0.01226
KO2611534,0.03627
KO2611535,0.17579
KO2611536,0.03126
KO2611537,0.02075
KO2611538,0.03157
KO2611539,0.09941
KO2611540,0.64152
KO2611541,0.02312
KO2611542,0.21856
KO2611543,0.07968
KO2611544,0.0428
KO2611545,0.02502
KO2611546,0.03606
KO2611547,0.01078
KO2611548,0.07453
KO2611549,0.13209
KO2611550,0.03177
KO2611551,0.02569
KO2611552,0.01162
KO2611553,0.02075
KO2611554,0.06302
KO2611555,0.06839
KO2611556,0.05933
KO2611557,0.07898
KO2611558,0.03924
KO2611559,0.73937
KO2611560,0.06895
KO2611561,0.33156
KO2611562,0.03067
KO2611563,0.50147
KO2611564,0.07675
KO2611565,0.04968
KO2611566,0.02305
KO2611567,0.3676
KO2611568,0.03613
KO2611569,0.0921
KO2611570,0.04798
KO2611571,0.01161
KO2611572,0.15406
KO2611573,0.02656
KO2611574,0.03029
KO2611575,0.02538
KO2611576,0.28651
KO2611577,0.04531
KO2611578,0.47588
KO2611579,0.0433
KO2611580,0.30838
KO2611581,0.06697
KO2611582,0.02094
KO2611583,0.05699
KO2611584,0.11649
KO2611585,0.13739
KO2611586,0.08726
KO2611587,0.06046
KO2611588,0.01848
KO2611589,0.55081
KO2611590,0.01391
KO2611591,0.12908
KO2611592,0.09724
KO2611593,0.51427
KO2611594,0.12404
KO2611595,0.04349
KO2611596,0.06827
KO2611597,0.02306
KO2611598,0.09394
KO2611599,0.06479
KO2611600,0.05977
KO2611601,0.07013
KO2611602,0.04361
KO2611603,0.01553
KO2611604,0.14876
KO2611605,0.02907
KO2611606,0.02384
KO2611607,0.06404
KO2611608,0.04641
KO2611609,0.22075
KO2611610,0.06411
KO2611611,0.11199
KO2611612,0.07053
KO2611613,0.10104
KO2611614,0.05614
KO2611615,0.17484
KO2611616,0.05123
KO2611617,0.17359
KO2611618,0.0137
KO2611619,0.03655
KO2611620,0.07954
KO2611621,0.01773
KO2611622,0.41192
KO2611623,0.01931
KO2611624,0.13278
KO2611625,0.03791
KO2611626,0.03425
KO2611627,0.05848
KO2611628,0.06053
KO2611629,0.01604
KO2611630,0.07247
KO2611631,0.02481
KO2611632,0.35811
KO2611633,0.03458
KO2611634,0.01974
KO2611635,0.02871
KO2611636,0.0369
KO2611637,0.19538
KO2611638,0.08717
KO2611639,0.02702
KO2611640,0.08075
KO2611641,0.03739
KO2611642,0.16999
KO2611643,0.68228
KO2611644,0.01506
KO2611645,0.39707
KO2611646,0.03743
KO2611647,0.0354
KO2611648,0.05947
KO2611649,0.3401
KO2611650,0.04529
KO2611651,0.12836
KO2611652,0.11079
KO2611653,0.3368
KO2611654,0.13669
KO2611655,0.18304
KO2611656,0.15744
KO2611657,0.03116
KO2611658,0.08257
KO2611659,0.05265
KO2611660,0.04844
KO2611661,0.01243
KO2611662,0.04298
KO2611663,0.18117
KO2611664,0.12469
KO2611665,0.23696
KO2611666,0.08089
KO2611667,0.01349
KO2611668,0.03366
KO2611669,0.04975
KO2611670,0.16298
KO2611671,0.05683
KO2611672,0.04192
KO2611673,0.04983
KO2611674,0.52876
KO2611675,0.13483
KO2611676,0.0504
KO2611677,0.14802
KO2611678,0.21545
KO2611679,0.02855
KO2611680,0.03533
KO2611681,0.20712
KO2611682,0.01226
KO2611683,0.54615
KO2611684,0.03788
KO2611685,0.02549
KO2611686,0.18485
KO2611687,0.03492
KO2611688,0.06909
KO2611689,0.04421
KO2611690,0.05438
KO2611691,0.12299
KO2611692,0.04553
KO2611693,0.03046
KO2611694,0.73901
KO2611695,0.0807
KO2611696,0.55355
KO2611697,0.09827
KO2611698,0.06668
KO2611699,0.09487
KO2611700,0.07196
KO2611701,0.02825
KO2611702,0.19519
KO2611703,0.08283
KO2611704,0.02107
KO2611705,0.0292
KO2611706,0.16715
KO2611707,0.02928
KO2611708,0.14811
KO2611709,0.0895
KO2611710,0.07436
KO2611711,0.11025
KO2611712,0.04945
KO2611713,0.00945
KO2611714,0.08798
KO2611715,0.01985
KO2611716,0.047
KO2611717,0.11902
KO2611718,0.12935
KO2611719,0.03678
KO2611720,0.18376
KO2611721,0.0778
KO2611722,0.32959
KO2611723,0.02708
KO2611724,0.03154
KO2611725,0.04511
KO2611726,0.04095
KO2611727,0.03047
KO2611728,0.09542
KO2611729,0.02879
KO2611730,0.08333
KO2611731,0.17574
KO2611732,0.04507
KO2611733,0.08796
KO2611734,0.05649
KO2611735,0.02534
KO2611736,0.47221
KO2611737,0.04496
KO2611738,0.0484
KO2611739,0.01658
KO2611740,0.21689
KO2611741,0.09525
KO2611742,0.03065
KO2611743,0.07009
KO2611744,0.03678
KO2611745,0.06521
KO2611746,0.06393
KO2611747,0.1236
KO2611748,0.06871
KO2611749,0.12992
KO2611750,0.03997
KO2611751,0.04098
KO2611752,0.07924
KO2611753,0.06434
KO2611754,0.03652
KO2611755,0.02237
KO2611756,0.12893
KO2611757,0.0739
KO2611758,0.15695
KO2611759,0.05579
KO2611760,0.15239
KO2611761,0.22077
KO2611762,0.05024
KO2611763,0.03735
KO2611764,0.13529
KO2611765,0.23777
KO2611766,0.05817
KO2611767,0.07419
KO2611768,0.30155
KO2611769,0.05876
KO2611770,0.23395
KO2611771,0.02636
KO2611772,0.058
KO2611773,0.03739
KO2611774,0.12682
KO2611775,0.07725
KO2611776,0.13018
KO2611777,0.1221
KO2611778,0.03189
KO2611779,0.0634
KO2611780,0.01602
KO2611781,0.10612
KO2611782,0.03402
KO2611783,0.0385
KO2611784,0.23619
KO2611785,0.06011
KO2611786,0.01903
KO2611787,0.01538
KO2611788,0.02576
KO2611789,0.07324
KO2611790,0.21761
KO2611791,0.13535
KO2611792,0.03999
KO2611793,0.02843
KO2611794,0.35928
KO2611795,0.16109
KO2611796,0.10475
KO2611797,0.04802
KO2611798,0.10904
KO2611799,0.32771
KO2611800,0.13731
KO2611801,0.03139
KO2611802,0.06149
KO2611803,0.07694
KO2611804,0.11323
KO2611805,0.0693
KO2611806,0.02217
KO2611807,0.05276
KO2611808,0.02428
KO2611809,0.12284
KO2611810,0.01398
KO2611811,0.12521
KO2611812,0.09551
KO2611813,0.03695
KO2611814,0.012
KO2611815,0.1021
KO2611816,0.03271
KO2611817,0.03253
KO2611818,0.05725
KO2611819,0.35732
KO2611820,0.26008
KO2611821,0.02047
KO2611822,0.05624
KO2611823,0.02153
KO2611824,0.23264
KO2611825,0.17374
KO2611826,0.03527
KO2611827,0.04769
KO2611828,0.17965
KO2611829,0.08766
KO2611830,0.11814
KO2611831,0.07049
KO2611832,0.02793
KO2611833,0.13316
KO2611834,0.07414
KO2611835,0.01931
KO2611836,0.15078
KO2611837,0.08458
KO2611838,0.10532
KO2611839,0.47038
KO2611840,0.10878
KO2611841,0.06927
KO2611842,0.09519
KO2611843,0.05916
KO2611844,0.24889
KO2611845,0.05082
KO2611846,0.01955
KO2611847,0.0485
KO2611848,0.36274
KO2611849,0.13837
KO2611850,0.0355
KO2611851,0.0692
KO2611852,0.02728
KO2611853,0.06562
KO2611854,0.06061
KO2611855,0.18542
KO2611856,0.16926
KO2611857,0.07948
KO2611858,0.04522
KO2611859,0.02887
KO2611860,0.04824
KO2611861,0.12436
KO2611862,0.03722
KO2611863,0.02938
KO2611864,0.02051
KO2611865,0.17489
KO2611866,0.09128
KO2611867,0.02041
KO2611868,0.01955
KO2611869,0.06228
KO2611870,0.01253
KO2611871,0.04797
KO2611872,0.04395
KO2611873,0.03503
KO2611874,0.01722
KO2611875,0.10658
KO2611876,0.11705
KO2611877,0.05498
KO2611878,0.02445
KO2611879,0.01154
KO2611880,0.03463
KO2611881,0.07237
KO2611882,0.35204
KO2611883,0.22484
KO2611884,0.03088
KO2611885,0.1147
KO2611886,0.07179
KO2611887,0.04069
KO2611888,0.02795
KO2611889,0.02535
KO2611890,0.20267
KO2611891,0.29715
KO2611892,0.12476
KO2611893,0.07507
KO2611894,0.20039
KO2611895,0.05596
KO2611896,0.0305
KO2611897,0.14397
KO2611898,0.0428
KO2611899,0.03194
KO2611900,0.03942
KO2611901,0.16099
KO2611902,0.12852
KO2611903,0.24289
KO2611904,0.1714
KO2611905,0.01864
KO2611906,0.13633
KO2611907,0.08521
KO2611908,0.10582
KO2611909,0.47335
KO2611910,0.06825
KO2611911,0.05519
KO2611912,0.01514
KO2611913,0.04393
KO2611914,0.47131
KO2611915,0.04228
KO2611916,0.03615
KO2611917,0.05339
KO2611918,0.01786
KO2611919,0.07364
KO2611920,0.089
KO2611921,0.02204
KO2611922,0.06143
KO2611923,0.07802
KO2611924,0.25228
KO2611925,0.04116
KO2611926,0.42001
KO2611927,0.10402
KO2611928,0.07498
KO2611929,0.21668
KO2611930,0.04144
KO2611931,0.01441
KO2611932,0.11721
KO2611933,0.02857
KO2611934,0.068
KO2611935,0.32206
KO2611936,0.11635
KO2611937,0.02897
KO2611938,0.08621
KO2611939,0.02638
KO2611940,0.04667
KO2611941,0.02801
KO2611942,0.17855
KO2611943,0.30159
KO2611944,0.35116
KO2611945,0.02879
KO2611946,0.06603
KO2611947,0.0438
KO2611948,0.11946
KO2611949,0.06482
KO2611950,0.12224
KO2611951,0.01372
KO2611952,0.04232
KO2611953,0.04255
KO2611954,0.01032
KO2611955,0.02968
KO2611956,0.041
KO2611957,0.17645
KO2611958,0.02712
KO2611959,0.13335
KO2611960,0.04264
KO2611961,0.15648
KO2611962,0.02993
KO2611963,0.03798
KO2611964,0.04725
KO2611965,0.12881
KO2611966,0.12727
KO2611967,0.11604
KO2611968,0.52423
KO2611969,0.03705
KO2611970,0.29441
KO2611971,0.08146
KO2611972,0.1051
KO2611973,0.0961
KO2611974,0.12795
KO2611975,0.07113
KO2611976,0.22567
KO2611977,0.12272
KO2611978,0.01042
KO2611979,0.06769
KO2611980,0.10384
KO2611981,0.06235
KO2611982,0.14685
KO2611983,0.01372
KO2611984,0.17725
KO2611985,0.06843
KO2611986,0.11028
KO2611987,0.12344
KO2611988,0.06992
KO2611989,0.22171
KO2611990,0.04571
KO2611991,0.03629
KO2611992,0.61175
KO2611993,0.06415
KO2611994,0.12056
KO2611995,0.02281
KO2611996,0.05577
KO2611997,0.0229
KO2611998,0.11324
KO2611999,0.03283
KO2612000,0.02214
KO2612001,0.10206
KO2612002,0.10478
KO2612003,0.05641
KO2612004,0.46814
KO2612005,0.03711
KO2612006,0.01761
KO2612007,0.05753
KO2612008,0.49109
KO2612009,0.14598
KO2612010,0.04338
KO2612011,0.08125
KO2612012,0.03201
KO2612013,0.1917
KO2612014,0.17307
KO2612015,0.07319
KO2612016,0.17665
KO2612017,0.06494
KO2612018,0.07267
KO2612019,0.1038
KO2612020,0.18919
KO2612021,0.06278
KO2612022,0.05845
KO2612023,0.31034
KO2612024,0.46745
KO2612025,0.02865
KO2612026,0.23826
KO2612027,0.19471
KO2612028,0.85454
KO2612029,0.34792
KO2612030,0.02039
KO2612031,0.12134
KO2612032,0.26155
KO2612033,0.08714
KO2612034,0.01429
KO2612035,0.04365
KO2612036,0.0436
KO2612037,0.23503
KO2612038,0.21336
KO2612039,0.08321
KO2612040,0.09194
KO2612041,0.39367
KO2612042,0.03655
KO2612043,0.03681
KO2612044,0.24372
KO2612045,0.01889
KO2612046,0.03642
KO2612047,0.03256
KO2612048,0.11142
KO2612049,0.04026
KO2612050,0.17613
KO2612051,0.0318
KO2612052,0.09623
KO2612053,0.04668
KO2612054,0.02735
KO2612055,0.10447
KO2612056,0.07148
KO2612057,0.03034
KO2612058,0.12115
KO2612059,0.02706
KO2612060,0.04328
KO2612061,0.028
KO2612062,0.17756
KO2612063,0.02402
KO2612064,0.16971
KO2612065,0.11752
KO2612066,0.01506
KO2612067,0.03263
KO2612068,0.09545
KO2612069,0.03184
KO2612070,0.15348
KO2612071,0.26684
KO2612072,0.02743
KO2612073,0.23421
KO2612074,0.1358
KO2612075,0.08165
KO2612076,0.04436
KO2612077,0.03196
KO2612078,0.04572
KO2612079,0.02464
KO2612080,0.1367
KO2612081,0.06756
KO2612082,0.50688
KO2612083,0.29728
KO2612084,0.2878
KO2612085,0.03024
KO2612086,0.145
KO2612087,0.11697
KO2612088,0.00719
KO2612089,0.02073
KO2612090,0.01493
KO2612091,0.01637
KO2612092,0.46207
KO2612093,0.10699
KO2612094,0.05695
KO2612095,0.09631
KO2612096,0.17449
KO2612097,0.11773
KO2612098,0.02326
KO2612099,0.0415
KO2612100,0.08793
KO2612101,0.05155
KO2612102,0.03693
KO2612103,0.06389
KO2612104,0.03021
KO2612105,0.03211
KO2612106,0.02726
KO2612107,0.01839
KO2612108,0.12625
KO2612109,0.14988
KO2612110,0.04398
KO2612111,0.02021
KO2612112,0.07681
KO2612113,0.08255
KO2612114,0.01299
KO2612115,0.12598
KO2612116,0.12195
KO2612117,0.02048
KO2612118,0.06929
KO2612119,0.03584
KO2612120,0.02339
KO2612121,0.10064
KO2612122,0.64588
KO2612123,0.14292
KO2612124,0.01414
KO2612125,0.02213
KO2612126,0.14854
KO2612127,0.05551
KO2612128,0.02349
KO2612129,0.04584
KO2612130,0.14292
KO2612131,0.05277
KO2612132,0.02801
KO2612133,0.163
KO2612134,0.02209
KO2612135,0.06888
KO2612136,0.20504
KO2612137,0.29264
KO2612138,0.10458
KO2612139,0.06255
KO2612140,0.05046
KO2612141,0.02121
KO2612142,0.03463
KO2612143,0.01215
KO2612144,0.26486
KO2612145,0.30889
KO2612146,0.05383
KO2612147,0.47608
KO2612148,0.04653
KO2612149,0.04429
KO2612150,0.09628
KO2612151,0.04029
KO2612152,0.07606
KO2612153,0.37838
KO2612154,0.08091
KO2612155,0.92306
KO2612156,0.02101
KO2612157,0.01212
KO2612158,0.02961
KO2612159,0.1072
KO2612160,0.05183
KO2612161,0.05383
KO2612162,0.02864
KO2612163,0.1895
KO2612164,0.0561
KO2612165,0.13588
KO2612166,0.60045
KO2612167,0.02537
KO2612168,0.04713
KO2612169,0.3388
KO2612170,0.03189
KO2612171,0.04282
KO2612172,0.04475
KO2612173,0.02709
KO2612174,0.11832
KO2612175,0.08004
KO2612176,0.06004
KO2612177,0.03069
KO2612178,0.04437
KO2612179,0.61053
KO2612180,0.11149
KO2612181,0.09952
KO2612182,0.03528
KO2612183,0.56191
KO2612184,0.16336
KO2612185,0.03769
KO2612186,0.12684
KO2612187,0.3253
KO2612188,0.01729
KO2612189,0.04856
KO2612190,0.01598
KO2612191,0.0292
KO2612192,0.05257
KO2612193,0.03234
KO2612194,0.31361
KO2612195,0.04022
KO2612196,0.0354
KO2612197,0.05468
KO2612198,0.0996
KO2612199,0.03368
KO2612200,0.04311
KO2612201,0.09821
KO2612202,0.07837
KO2612203,0.08017
KO2612204,0.01288
KO2612205,0.02919
KO2612206,0.50186
KO2612207,0.0438
KO2612208,0.08346
KO2612209,0.01727
KO2612210,0.07647
KO2612211,0.10945
KO2612212,0.051
KO2612213,0.09365
KO2612214,0.12564
KO2612215,0.11574
KO2612216,0.21803
KO2612217,0.10504
KO2612218,0.08256
KO2612219,0.03933
KO2612220,0.01149
KO2612221,0.02377
KO2612222,0.07686
KO2612223,0.11072
KO2612224,0.02494
KO2612225,0.06912
KO2612226,0.02233
KO2612227,0.12676
KO2612228,0.03325
KO2612229,0.03929
KO2612230,0.0437
KO2612231,0.01808
KO2612232,0.07181
KO2612233,0.03688
KO2612234,0.0321
KO2612235,0.13148
KO2612236,0.03749
KO2612237,0.03199
KO2612238,0.045
KO2612239,0.01886
KO2612240,0.66635
KO2612241,0.24387
KO2612242,0.04795
KO2612243,0.24047
KO2612244,0.07831
KO2612245,0.04106
KO2612246,0.1867
KO2612247,0.10552
KO2612248,0.17723
KO2612249,0.09404
KO2612250,0.07143
KO2612251,0.03366
KO2612252,0.03861
KO2612253,0.17448
KO2612254,0.03822
KO2612255,0.03139
KO2612256,0.04449
KO2612257,0.14737
KO2612258,0.0107
KO2612259,0.10986
KO2612260,0.20162
KO2612261,0.25245
KO2612262,0.04823
KO2612263,0.15527
KO2612264,0.05958
KO2612265,0.10491
KO2612266,0.1252
KO2612267,0.10677
KO2612268,0.45362
KO2612269,0.13196
KO2612270,0.04905
KO2612271,0.02448
KO2612272,0.19928
KO2612273,0.12019
KO2612274,0.0239
KO2612275,0.32884
KO2612276,0.11613
KO2612277,0.17448
KO2612278,0.16796
KO2612279,0.15118
KO2612280,0.17231
KO2612281,0.11811
KO2612282,0.05042
KO2612283,0.18926
KO2612284,0.17636
KO2612285,0.06317
KO2612286,0.12139
KO2612287,0.09385
KO2612288,0.09749
KO2612289,0.02151
KO2612290,0.01393
KO2612291,0.10193
KO2612292,0.02479
KO2612293,0.03898
KO2612294,0.02915
KO2612295,0.02121
KO2612296,0.16696
KO2612297,0.04137
KO2612298,0.03153
KO2612299,0.03016
KO2612300,0.03238
KO2612301,0.06684
KO2612302,0.0245
KO2612303,0.02246
KO2612304,0.15582
KO2612305,0.02648
KO2612306,0.13369
KO2612307,0.53541
KO2612308,0.1741
KO2612309,0.03115
KO2612310,0.02167
KO2612311,0.04393
KO2612312,0.01595
KO2612313,0.30431
KO2612314,0.20729
KO2612315,0.18124
KO2612316,0.04487
KO2612317,0.0606
KO2612318,0.32239
KO2612319,0.09867
KO2612320,0.01004
KO2612321,0.01505
KO2612322,0.03434
KO2612323,0.01164
KO2612324,0.09705
KO2612325,0.05811
KO2612326,0.10593
KO2612327,0.06774
KO2612328,0.04447
KO2612329,0.07466
KO2612330,0.0374
KO2612331,0.04629
KO2612332,0.02248
KO2612333,0.23206
KO2612334,0.06461
KO2612335,0.31488
KO2612336,0.01853
KO2612337,0.06249
KO2612338,0.04045
KO2612339,0.11576
KO2612340,0.1469
KO2612341,0.04766
KO2612342,0.0751
KO2612343,0.01787
KO2612344,0.04651
KO2612345,0.17443
KO2612346,0.39737
KO2612347,0.16615
KO2612348,0.16475
KO2612349,0.04784
KO2612350,0.44943
KO2612351,0.10976
KO2612352,0.1468
KO2612353,0.04476
KO2612354,0.0171
KO2612355,0.0408
KO2612356,0.02263
KO2612357,0.68045
KO2612358,0.07345
KO2612359,0.03194
KO2612360,0.03524
KO2612361,0.10337
KO2612362,0.1636
KO2612363,0.02352
KO2612364,0.04321
KO2612365,0.12599
KO2612366,0.01342
KO2612367,0.07907
KO2612368,0.04133
KO2612369,0.02135
KO2612370,0.02762
KO2612371,0.12658
KO2612372,0.04002
KO2612373,0.02594
KO2612374,0.01107
KO2612375,0.01701
KO2612376,0.07329
KO2612377,0.01312
KO2612378,0.22533
KO2612379,0.06462
KO2612380,0.32975
KO2612381,0.0124
KO2612382,0.27102
KO2612383,0.21506
KO2612384,0.09293
KO2612385,0.02402
KO2612386,0.10662
KO2612387,0.04144
KO2612388,0.05592
KO2612389,0.02188
KO2612390,0.07515
KO2612391,0.05517
KO2612392,0.05058
KO2612393,0.04966
KO2612394,0.02636
KO2612395,0.13231
KO2612396,0.04871
KO2612397,0.06484
KO2612398,0.10734
KO2612399,0.03763
KO2612400,0.11992
KO2612401,0.07065
KO2612402,0.02487
KO2612403,0.05315
KO2612404,0.19813
KO2612405,0.1235
KO2612406,0.08882
KO2612407,0.25662
KO2612408,0.11259
KO2612409,0.30879
KO2612410,0.05093
KO2612411,0.1592
KO2612412,0.03463
KO2612413,0.25747
KO2612414,0.10456
KO2612415,0.03183
KO2612416,0.02743
KO2612417,0.05092
KO2612418,0.06178
KO2612419,0.09968
KO2612420,0.03087
KO2612421,0.02508
KO2612422,0.1167
KO2612423,0.0965
KO2612424,0.02135
KO2612425,0.06668
KO2612426,0.04832
KO2612427,0.08204
KO2612428,0.08623
KO2612429,0.2948
KO2612430,0.00995
KO2612431,0.1132
KO2612432,0.16626
KO2612433,0.05472
KO2612434,0.08073
KO2612435,0.04525
KO2612436,0.03376
KO2612437,0.0312
KO2612438,0.06857
KO2612439,0.25392
KO2612440,0.03995
KO2612441,0.17498
KO2612442,0.06543
KO2612443,0.04041
KO2612444,0.02089
KO2612445,0.11146
KO2612446,0.09611
KO2612447,0.02771
KO2612448,0.03958
KO2612449,0.04889
KO2612450,0.30343
KO2612451,0.03113
KO2612452,0.1141
KO2612453,0.03609
KO2612454,0.09947
KO2612455,0.01657
KO2612456,0.09557
KO2612457,0.12783
KO2612458,0.63163
KO2612459,0.15028
KO2612460,0.02691
KO2612461,0.05478
KO2612462,0.06575
KO2612463,0.11947
KO2612464,0.04983
KO2612465,0.25504
KO2612466,0.13043
KO2612467,0.04805
KO2612468,0.30239
KO2612469,0.05282
KO2612470,0.0573
KO2612471,0.02497
KO2612472,0.04245
KO2612473,0.01563
KO2612474,0.05958
KO2612475,0.01435
KO2612476,0.03516
KO2612477,0.08278
KO2612478,0.26849
KO2612479,0.20112
KO2612480,0.17441
KO2612481,0.05839
KO2612482,0.02675
KO2612483,0.17515
KO2612484,0.12343
KO2612485,0.0609
KO2612486,0.19998
KO2612487,0.03268
KO2612488,0.02537
KO2612489,0.16939
KO2612490,0.09376
KO2612491,0.13163
KO2612492,0.03704
KO2612493,0.17197
KO2612494,0.00945
KO2612495,0.04153
KO2612496,0.01406
KO2612497,0.01157
KO2612498,0.05426
KO2612499,0.10741
KO2612500,0.02589
KO2612501,0.04125
KO2612502,0.0383
KO2612503,0.04188
KO2612504,0.07893
KO2612505,0.09266
KO2612506,0.02867
KO2612507,0.01797
KO2612508,0.01956
KO2612509,0.01821
KO2612510,0.25447
KO2612511,0.0459
KO2612512,0.1352
KO2612513,0.19772
KO2612514,0.03761
KO2612515,0.05811
KO2612516,0.08533
KO2612517,0.05678
KO2612518,0.04934
KO2612519,0.0111
KO2612520,0.09685
KO2612521,0.01464
KO2612522,0.02938
KO2612523,0.33522
KO2612524,0.04878
KO2612525,0.14445
KO2612526,0.12044
KO2612527,0.01964
KO2612528,0.47985
KO2612529,0.00777
KO2612530,0.06132
KO2612531,0.43212
KO2612532,0.36163
KO2612533,0.01317
KO2612534,0.179
KO2612535,0.0572
KO2612536,0.03981
KO2612537,0.0603
KO2612538,0.20848
KO2612539,0.08852
KO2612540,0.01056
KO2612541,0.03321
KO2612542,0.0469
KO2612543,0.10013
KO2612544,0.03865
KO2612545,0.03541
KO2612546,0.01444
KO2612547,0.51063
KO2612548,0.35287
KO2612549,0.08044
KO2612550,0.1524
KO2612551,0.10506
KO2612552,0.1105
KO2612553,0.05471
KO2612554,0.12611
KO2612555,0.03779
KO2612556,0.02948
KO2612557,0.27684
KO2612558,0.0535
KO2612559,0.05448
KO2612560,0.03842
KO2612561,0.0588
KO2612562,0.06922
KO2612563,0.04333
KO2612564,0.02222
KO2612565,0.01542
KO2612566,0.0149
KO2612567,0.06918
KO2612568,0.07859
KO2612569,0.03557
KO2612570,0.03836
KO2612571,0.2422
KO2612572,0.07734
KO2612573,0.09907
KO2612574,0.13803
KO2612575,0.0921
KO2612576,0.01552
KO2612577,0.1504
KO2612578,0.03701
KO2612579,0.05607
KO2612580,0.09701
KO2612581,0.02147
KO2612582,0.10908
KO2612583,0.03676
KO2612584,0.08698
KO2612585,0.08745
KO2612586,0.09302
KO2612587,0.1247
KO2612588,0.03226
KO2612589,0.01729
KO2612590,0.27447
KO2612591,0.02864
KO2612592,0.17579
KO2612593,0.0563
KO2612594,0.03447
KO2612595,0.17753
KO2612596,0.1866
KO2612597,0.06759
KO2612598,0.18065
KO2612599,0.12816
